id,title,description,min_level,section,image,section_image
1,Why Scams Work,"The psychological playbook every scam relies on, before you learn a single scam type.",1,Foundations,unit1.png,
2,Urgency and Fear,The single most common red flag across every scam type: pressure to act right now.,1,Foundations,unit2.png,
3,Authority Impersonation,"Why a badge, a bank logo, or an official-sounding voice makes you drop your guard.",1,Foundations,unit3.png,
4,Too Good to Be True,"Why unbelievable prizes, returns, and deals are the bait, not the reward.",1,Foundations,unit4.png,
5,Isolation Tactics,"Why scammers push you to keep quiet and decide alone, without a second opinion.",1,Foundations,unit5.png,
6,Spotting a Phishing Email,The visible signs that separate a real email from a scam wearing its skin.,1,Digital & Phishing,unit6.png,
7,Fake Sender Addresses,How a display name can lie while the real address gives the scam away.,1,Digital & Phishing,unit7.png,
8,Malicious Links,Why hovering before clicking catches most link-based scams before they start.,1,Digital & Phishing,unit8.png,
9,Smishing: Scam Texts,Fake delivery notices and package alerts — phishing's text-message cousin.,1,Digital & Phishing,unit9.png,
10,QR Code Scams,"""Quishing"" — how a scanned code can quietly send you to a fake payment page.",1,Digital & Phishing,unit10.png,
11,AI Voice Cloning,How a few seconds of public audio can fake a loved one's emergency call.,1,Voice & AI Scams,unit11.png,
12,The Family Safe Word,A pre-agreed secret phrase — the one thing an AI clone can't guess.,1,Voice & AI Scams,unit12.png,
13,Caller ID Spoofing,Why the number on your screen can lie just as easily as a voice can.,1,Voice & AI Scams,unit13.png,
14,Tech Support Scams,Fake virus pop-ups and cold calls that talk you into handing over remote access.,1,Voice & AI Scams,unit14.png,
15,Bank Impersonation,"The specific things your real bank will never ask you for, by phone or text.",1,Financial Fraud,unit15.png,
16,Wire and App Transfer Fraud,Why instant payment apps and wires are a scammer's favorite because they can't be undone.,1,Financial Fraud,unit16.png,
17,Gift Card Payment Demands,"Why any request for gift cards as payment is an automatic, no-exceptions red flag.",1,Financial Fraud,unit17.png,
18,Investment and Crypto Ponzi Schemes,"How early 'profits' are just other victims' money, used to reel in more investors.",1,Financial Fraud,unit18.png,
19,Pig-Butchering Scams,"A slow-building fake friendship or romance designed to end in a crypto ""investment.""",1,Financial Fraud,unit19.png,
20,Romance Scams,"How a fake dating profile builds a relationship fast, then asks for money.",1,Social & Relationship Scams,unit20.png,
21,Job Offer Scams,"High pay, low effort, vague duties — the classic shape of a fake job listing.",1,Social & Relationship Scams,unit21.png,
22,Fake Charity Scams,How real disasters get hijacked by fake fundraisers within hours.,1,Social & Relationship Scams,unit22.png,
23,Government Impersonation,Fake tax and benefits agents who threaten arrest to make you pay instantly.,1,Social & Relationship Scams,unit23.png,
24,Social Media Impersonation,A hacked or cloned account that messages your real friends asking for help.,1,Social & Relationship Scams,unit24.png,
25,After You've Been Scammed,"The first, immediate steps that limit the damage, whatever the scam type.",1,What To Do,unit25.png,
26,Reporting a Scam,Who to actually contact so the report helps stop the next victim too.,1,What To Do,unit26.png,
27,Recap: Key Terms,Quick matching practice that revisits the key terms from earlier decks.,1,Review,unit27.png,
